{"aact_m": 0.9347007668, "sphings_r": 0.026312203500000002, "val_L_e": 0.3288612046, "C10164_c": 0.1141814487, "HC02024_r": 0.1004506169, "fum_m": 0.065932465, "hdcea_e": 0.21705159829999998, "adrnl_e": 0.0097046832, "cit_c": 1.7108948724000002, "4hpro_LT_r": 0.1127527486, "chol_m": 0.08839545550000001, "4h2oglt_c": 0.0339947564, "C06199_l": 0.3196794119, "trp_L_c": 0.6892744098, "stcrn_m": 0.0473551567, "pyr_m": 0.6195323399, "carn_c": 0.1729779961, "chsterol_n": 2.5497917999, "lys_L_m": 1.0082762331, "g6p_r": 0.0427529641, "arg_L_e": 0.0656169339, "acgam_l": 0.0081679527, "c4crn_m": 0.0323644565, "C01601_c": 0.0186717515, "hom_L_e": 0.0055023458999999995, "hxan_e": 0.0151463324, "lnlccrn_m": 0.0732516545, "im4ac_c": 0.0172928423, "urate_e": 0.6590475422, "g3p_c": 0.0559959136, "hdd2crn_c": 0.0492839149, "glu_L_r": 0.2048675579, "nac_c": 0.2363540115, "asp_D_e": 0.0501930652, "thrnt_c": 0.123019482, "C01507_c": 0.017088101499999998, "12ppd_R_c": 0.8363582078, "5oxpro_e": 1.5924058069999998, "fuc_L_e": 0.012383426000000001, "arab_L_c": 0.007906385600000001, "vacccrn_m": 0.17223541350000002, "CE6205_c": 0.0212892283, "pram_c": 0.5351636717, "ipdp_c": 0.0042586419, "met_L_m": 0.2305378088, "ile_L_e": 0.0359379976, "hyptaur_c": 0.012009938400000001, "rbt_e": 0.0516661676, "ocdca_c": 0.7974805813, "Lpipecol_x": 0.032271080099999995, "c10crn_e": 0.2058308819, "dhdascb_c": 0.023035563399999997, "gal_c": 0.05014120019999999, "phe_L_l": 0.7418375263, "urea_m": 40.0841183988, "glx_m": 0.0967649603, "glc_D_c": 20.6367408882, "gln_L_e": 0.2794258193, "glcur_c": 0.0153097397, "crn_e": 0.0355950023, "c6crn_x": 0.028351115, "gua_e": 0.0130053267, "dchac_r": 0.06153438309999999, "4mop_c": 0.0992672198, "sarcs_m": 0.3464730286, "anth_e": 0.013733073200000001, "andrstndn_c": 0.0422280268, "1p2cbxl_x": 0.30688766170000004, "2coum_c": 0.0133995052, "thr_L_e": 0.638951419, "bilirub_r": 0.11241052189999999, "5hoxindoa_c": 0.010832311899999999, "ddeccrn_m": 0.08556111820000001, "3mop_m": 0.0551352249, "xylt_e": 0.0086311339, "sphs1p_e": 0.0224574389, "gudac_c": 0.0107440482, "succ_r": 0.06383602570000001, "ala_D_c": 7.9493119744000005, "prgstrn_e": 0.0298687713, "3hmp_m": 6.8165239486, "dmnoncrn_x": 0.0095193987, "oaa_x": 0.10057793970000001, "rib_D_c": 0.0708323633, "gly_m": 6.818885111699999, "citr_L_m": 0.6697977831, "glyclt_x": 0.012802398400000001, "acnam_l": 0.0175844446, "creat_m": 0.2939632806, "tyr_L_l": 0.10314743960000002, "oxa_c": 182.49677295810002, "Lcystin_c": 0.0977850436, "ivcrn_c": 0.0290441385, "dhap_x": 0.025200418199999998, "bz_r": 0.0173443819, "lneldc_e": 0.0204256334, "C02356_c": 0.6911702762999999, "pchol_hs_c": 0.12597405220000002, "asn_L_c": 0.10897748089999999, "6pgc_c": 0.0257901002, "ser_L_x": 1.5310291662, "leu_L_m": 2.801269203, "25hvitd3_c": 0.0206778244, "gcald_c": 0.7250933931, "glyald_m": 0.016959031399999998, "thm_e": 0.0153585402, "c8crn_x": 0.0658803084, "pcollg5hlys_c": 0.0888926234, "srb_L_c": 0.0181358603, "5htrp_e": 0.0180821215, "pmtcrn_m": 0.0048746094, "CE2537_c": 0.2197619664, "cyst_L_m": 0.0419622618, "3mob_c": 0.0124479453, "ru5p_D_c": 0.0321985925, "cys_L_m": 0.1144127934, "2mcacn_c": 0.0093145838, "pro_D_l": 4.8372778157, "pser_L_c": 0.0098255702, "pac_m": 0.44381411390000003, "inost_r": 0.4384711274, "ttdca_e": 0.2612548145, "orn_m": 0.5951069631, "acrn_x": 0.011496160900000002, "ttdcea_c": 0.015088766699999999, "fru_e": 0.04404502230000001, "ura_c": 0.0608660714, "lac_D_c": 21.358392436400003, "glyc_c": 1.2092466896, "ocdcea_r": 0.0454276148, "ttdcrn_c": 0.0257584555}