{"aact_m": 0.698554591, "sphings_r": 0.026497577400000003, "val_L_e": 0.36088289590000006, "C10164_c": 0.0557049185, "HC02024_r": 0.0548846054, "fum_m": 0.0360703004, "hdcea_e": 0.062488656399999995, "adrnl_e": 0.0015256997, "cit_c": 0.2602766075, "4hpro_LT_r": 0.11320656529999999, "chol_m": 0.0624860625, "4h2oglt_c": 0.044139867, "C06199_l": 0.5945315475, "trp_L_c": 0.7651918403, "stcrn_m": 0.03423568, "pyr_m": 0.3344738029, "carn_c": 0.1582769909, "chsterol_n": 1.2514710887, "lys_L_m": 0.9261604427, "g6p_r": 0.0433863918, "arg_L_e": 0.0664640925, "acgam_l": 0.0041876271, "c4crn_m": 0.0427631022, "C01601_c": 0.0170485272, "hom_L_e": 0.0012867052, "hxan_e": 0.0054086147, "lnlccrn_m": 0.0460607142, "im4ac_c": 0.007304456500000001, "urate_e": 0.5582471625, "g3p_c": 0.0382041132, "hdd2crn_c": 0.012998306299999998, "glu_L_r": 0.45883585759999995, "nac_c": 0.3093663388, "asp_D_e": 0.0902749128, "thrnt_c": 0.0585116547, "C01507_c": 0.0332504008, "12ppd_R_c": 0.4633240561, "5oxpro_e": 1.8203800728, "fuc_L_e": 0.009465854899999999, "arab_L_c": 0.0202620967, "vacccrn_m": 0.0782656065, "CE6205_c": 0.0356618167, "pram_c": 0.6253093677, "ipdp_c": 0.0052122714, "met_L_m": 0.2783391928, "ile_L_e": 0.0315209303, "hyptaur_c": 0.0021636103, "rbt_e": 0.055517619299999994, "ocdca_c": 0.6515903881, "Lpipecol_x": 0.057203978600000004, "c10crn_e": 0.045279724900000005, "dhdascb_c": 0.0153824923, "gal_c": 0.0697522191, "phe_L_l": 1.0038735025, "urea_m": 19.7157278983, "glx_m": 0.0249226769, "glc_D_c": 15.7642934141, "gln_L_e": 0.22799549079999998, "glcur_c": 0.0089396004, "crn_e": 0.0738336541, "c6crn_x": 0.0088341759, "gua_e": 0.021385455499999997, "dchac_r": 0.1063601259, "4mop_c": 0.0664766129, "sarcs_m": 0.0483402316, "anth_e": 0.0132837852, "andrstndn_c": 0.0104590174, "1p2cbxl_x": 0.2919770584, "2coum_c": 0.030901607799999998, "thr_L_e": 0.6524991693, "bilirub_r": 0.058133465999999995, "5hoxindoa_c": 0.008431939, "ddeccrn_m": 0.0309770744, "3mop_m": 0.0247077131, "xylt_e": 0.0097453585, "sphs1p_e": 0.0331257821, "gudac_c": 0.0080983303, "succ_r": 0.0243396598, "ala_D_c": 7.9629410187000005, "prgstrn_e": 0.007013714399999999, "3hmp_m": 0.6498173242, "dmnoncrn_x": 0.0056668023999999996, "oaa_x": 0.11895747779999999, "rib_D_c": 0.0682246507, "gly_m": 0.9904803284, "citr_L_m": 0.6969068545, "glyclt_x": 0.0148278533, "acnam_l": 0.0042910537, "creat_m": 0.0730085275, "tyr_L_l": 0.22720705859999998, "oxa_c": 164.7441738285, "Lcystin_c": 0.0182437493, "ivcrn_c": 0.0648080746, "dhap_x": 0.0213467279, "bz_r": 0.028698521499999997, "lneldc_e": 0.057012973, "C02356_c": 0.2884376077, "pchol_hs_c": 0.2405969331, "asn_L_c": 0.023963784100000003, "6pgc_c": 0.035670607, "ser_L_x": 0.5436511391, "leu_L_m": 3.0142637167000004, "25hvitd3_c": 0.0186176227, "gcald_c": 0.5680327408, "glyald_m": 0.0184860301, "thm_e": 0.009102195799999999, "c8crn_x": 0.0156947645, "pcollg5hlys_c": 0.0697623525, "srb_L_c": 0.0412383838, "5htrp_e": 0.0046179788, "pmtcrn_m": 0.0071464678, "CE2537_c": 0.18814613149999998, "cyst_L_m": 0.056109190700000006, "3mob_c": 0.0087583186, "ru5p_D_c": 0.0204444986, "cys_L_m": 0.0547610522, "2mcacn_c": 0.00823517, "pro_D_l": 7.8365696798, "pser_L_c": 0.013407046899999999, "pac_m": 0.4568446417, "inost_r": 0.5204820925, "ttdca_e": 0.18048236809999998, "orn_m": 0.8321099670000001, "acrn_x": 0.0150035184, "ttdcea_c": 0.0222233275, "fru_e": 0.041544256099999996, "ura_c": 0.0316078584, "lac_D_c": 24.1415629583, "glyc_c": 0.5637146585, "ocdcea_r": 0.0099054061, "ttdcrn_c": 0.0146063606}